parent,slot,dna_path,aa_sequence,aa_length,orientation,frame,query_start,query_end,parent_start,parent_end,align_score,adjusted_score,stop_count,x_fraction,ambiguous,warnings
As,1,domains/As_01.dna,MTQFEGFTNLYQVSKTLRFELIPQG,25,fwd,1,7,32,0,25,129.0,129.0,0,0.0,False,
As,2,domains/As_02.dna,GKTLKHIQEQGFIEEDKARNDHYKELKPIIDRIYKTYADQCLQLVQLDWENLSAAIDSYRKEKTEETRNALIEEQATYRNAIHDYFIGRTDNLTDAINKRHAEIYKGLFKAELFNGKVLKQLGTVTTTEHENALLRSFDKFTTYFSGFYENRKNVFSAEDISTAIPHRIVQDNFPKFKENCHIFTRLITAVPSLREHFENVKKAIGIFVSTSIEEVFSFPFYNQLLTQTQIDLYNQLLGGISREAGTEKIKGLNEVLNLAIQKNDETAHIIASLPHRFIPLFKQILSDRNTLS,293,fwd,1,0,293,24,317,1512.0,1512.0,0,0.0,False,
As,3,domains/As_03.dna,SFILEEFKSDEEVIQSFCKYKTLLRNENVLETAEALFNELNSIDLTHIFISHKKLETISSALCDHWDTLRNALYERRISELTGKITKSAKEKVQRSLKHEDINLQEIISAAGKELSEAFKQKTSEILSHAHAALDQPLPTTLKKQEEKEILKSQLDSLLGLYHLLDWFAVDESNEVDPEFSARLTGIKLEMEPSLSFYNKARNYATKKP,209,fwd,0,0,209,316,525,1055.0,1055.0,0,0.0,False,
As,4,domains/As_04.dna,PYSVEKFKLNFQMPTLASGWDVNKEKNNGAILFVKNGLYYLGIMPKQKGRYKALSFEPTEKTSEGFDKMYYDYF,74,fwd,0,0,74,524,598,400.0,400.0,0,0.0,False,
As,5,domains/As_05.dna,PDAAKMIPKCSTQLKAVTAHFQTHTTPILLSNNFIEPLEITKEIYDLNNPEKEPKKFQTAYAKKTGDQKGYREALCKWIDFTRDFLSKYTKTTSIDLSSLRPSSQYKDLGEYYAELNPLLY,121,fwd,2,0,121,598,719,640.0,640.0,0,0.0,False,
As,6,domains/As_06.dna,YHISFQRIAEKEIMDAVETGKLYLFQIYNKDFAKGHHGKPNLHTLYWTGLFSPENLAKTSIKLNGQAELFYRPKSRMKRMAHRLGEKMLNKKLKDQKTPIPDTLYQELYDYVNHRLSHDLSDEARALLPNVITKEVSHEIIKDRRFTSDKFFFHVP,156,fwd,1,0,156,718,874,827.0,827.0,0,0.0,False,
As,7,domains/As_07.dna,ITLNYQAANSPSKFNQRVNAYLKEHPETPIIGIDRGERNLIYITVIDSTGKILEQRSLNTIQQFD,65,fwd,2,0,65,874,939,331.0,331.0,0,0.0,False,
As,8,domains/As_08.dna,YQKKLDNREKERVAARQAW,19,fwd,2,0,19,939,958,100.0,100.0,0,0.0,False,
As,9,domains/As_09.dna,WSVVGTIKDLKQGYLSQVIHEIVDLMIHYQAVVVLENLNFGFKSKRTGIAEKAVYQQFEKMLIDKLNCLVLKDYPAEKVGGVLNPYQLTDQFTSFAKMGTQSGFLFYVPA,110,fwd,1,0,110,957,1067,567.0,567.0,0,0.0,False,
As,10,domains/As_10.dna,APYTSKIDPLTGFVDPFVWKTIKNHESRKHFLEGFDFLHYDVKTGDFILHFKMNRNLSFQRGLPGFMPAWDIVFEKNETQFDAKGTPFIAGKRIVPVIENHRFTGRYRDLYPANELIALLEEKGIVFRDGSNILPKLLENDDSHAIDTMVALIRSVLQMRNSNAATGEDYINSPVRDLNGVCFDSRFQNPEWPMDA,196,fwd,1,0,196,1066,1262,1051.0,1051.0,0,0.0,False,
As,11,domains/As_11.dna,DANGAYHIALKGQLLLNHLKESKDLKLQNGISNQDWLAYIQELRN,45,fwd,2,0,45,1262,1307,234.0,234.0,0,0.0,False,
Fn,1,domains/Fn_01.dna,MSIYQEFVNKYSLSKTLRFELIPQG,25,fwd,1,7,32,0,25,126.0,126.0,0,0.0,False,
Fn,2,domains/Fn_02.dna,GKTLENIKARGLILDDEKRAKDYKKAKQIIDKYHQFFIEEILSSVCISEDLLQNYSDVYFKLKKSDDDNLQKDFKSAKDTIKKQISEYIKDSEKFKNLFNQNLIDAKKGQESDLILWLKQSKDNGIELFKANSDITDIDEALEIIKSFKGWTTYFKGFHENRKNVYSSNDIPTSIIYRIVDDNLPKFLENKAKYESLKDKAPEAINYEQIKKDLAEELTFDIDYKTSEVNQRVFSLDEVFEIANFNNYLNQSGITKFNTIIGGKFVNGENTKRKGINEYINLYSQQINDKTLKKYKMSVLFKQILSDTESKS,312,fwd,1,0,312,24,336,1597.0,1597.0,0,0.0,False,
Fn,3,domains/Fn_03.dna,SFVIDKLEDDSDVVTTMQSFYEQIAAFKTVEEKSIKETLSLLFDDLKAQKLDLSKIYFKNDKSLTDLSQQVFDDYSVIGTAVLEYITQQIAPKNLDNPSKKEQELIAKKTEKAKYLSLETIKLALEEFNKHRDIDKQCRFEEILANFAAIPMIFDEIAQNKDNLAQISIKYQNQGKKDLLQASAEDDVKAIKDLLDQTNNLLHKLKIFHISQSEDKANILDKDEHFYLVFEECYFELANIVPLYNKIRNYITQKP,255,fwd,0,0,255,335,590,1284.0,1284.0,0,0.0,False,
Fn,4,domains/Fn_04.dna,PYSDEKFKLNFENSTLANGWDKNKEPDNTAILFIKDDKYYLGVMNKKNNKIFDDKAIKENKGEGYKKIVYKLL,73,fwd,0,0,73,589,662,391.0,391.0,0,0.0,False,
Fn,5,domains/Fn_05.dna,PGANKMLPKVFFSAKSIKFYNPSEDILRIRNHSTHTKNGSPQKGYEKFEFNIEDCRKFIDFYKQSISKHPEWKDFGFRFSDTQRYNSIDEFYREVENQGY,100,fwd,2,0,100,662,762,548.0,548.0,0,0.0,False,
Fn,6,domains/Fn_06.dna,YKLTFENISESYIDSVVNQGKLYLFQIYNKDFSAYSKGRPNLHTLYWKALFDERNLQDVVYKLNGEAELFYRKQSIPKKITHPAKEAIANKNKDNPKKESVFEYDLIKDKRFTEDKFFFHCP,122,fwd,1,0,122,761,883,652.0,652.0,0,0.0,False,
Fn,7,domains/Fn_07.dna,ITINFKSSGANKFNDEINLLLKEKANDVHILSIDRGERHLAYYTLVDGKGNIIKQDTFNIIGNDRMKTN,69,fwd,2,0,69,883,952,355.0,355.0,0,0.0,False,
Fn,8,domains/Fn_08.dna,YHDKLAAIEKDRDSARKDW,19,fwd,2,0,19,952,971,104.0,104.0,0,0.0,False,
Fn,9,domains/Fn_09.dna,WKKINNIKEMKEGYLSQVVHEIAKLVIEYNAIVVFEDLNFGFKRGRFKVEKQVYQKLEKMLIEKLNYLVFKDNEFDKTGGVLRAYQLTAPFETFKKMGKQTGIIYYVPA,109,fwd,1,0,109,970,1079,563.0,563.0,0,0.0,False,
Fn,10,domains/Fn_10.dna,AGFTSKICPVTGFVNQLYPKYESVSKSQEFFSKFDKICYNLDKGYFEFSFDYKNFGDKAAKGKWTIASFGSRLINFRNSDKNHNWDTREVYPTKELEKLLKDYSIEYGHGECIKAAICGESDKKFFAKLTSVLNTILQMRNSKTGTELDYLISPVADVNGNFFDSRQAPKNMPQDA,176,fwd,1,0,176,1078,1254,942.0,942.0,0,0.0,False,
Fn,11,domains/Fn_11.dna,ILHELKILFIFDNQ,14,rev,2,10,24,535,549,32.0,32.0,0,0.0,True,ambiguous_top2
Lb,1,domains/Lb_01.dna,MSKLEKFTNCYSLSKTLRFKAIPVG,25,fwd,1,7,32,0,25,128.0,128.0,0,0.0,False,
Lb,2,domains/Lb_02.dna,GKTQENIDNKRLLVEDEKRAEDYKGVKKLLDRYYLSFINDVLHSIKLKNLNNYISLFRKKTRTEKENKELENLEINLRKEIAKAFKGNEGYKSLFKKDIIETILPEFLDDKDEIALVNSFNGFTTAFTGFFDNRENMFSEEAKSTSIAFRCINENLTRYISNMDIFEKVDAIFDKHEVQEIKEKILNSDYDVEDFFEGEFFNFVLTQEGIDVYNAIIGGFVTESGEKIKGLNEYINLYNQKTKQKLPKFKPLYKQVLSDRESLS,264,fwd,1,0,264,24,288,1351.0,1351.0,0,0.0,False,
Lb,3,domains/Lb_03.dna,SFYGEGYTSDEEVLEVFRNTLNKNSEIFSSIKKLEKLFKNFDEYSSAGIFVKNGPAISTISKDIFGEWNVIRDKWNAEYDDIHLKKKAVVTEKYEDDRRKSFKKIGSFSLEQLQEYADADLSVVEKLKEIIIQKVDEIYKVYGSSEKLFDADFVLEKSLKKNDAVVAIMKDLLDSVKSFENYIKAFFGEGKETNRDESFYGDFVLAYDILLKVDHIYDAIRNYVTQKP,228,fwd,0,0,228,287,515,1163.0,1163.0,0,0.0,False,
Lb,4,domains/Lb_04.dna,PYSKDKFKLYFQNPQFMGGWDKDKETDYRATILRYGSKYYLAIMDKKYAKCLQKIDKDDVNGNYEKINYKLL,72,fwd,0,0,72,514,586,395.0,395.0,0,0.0,False,
Lb,5,domains/Lb_05.dna,PGPNKMLPKVFFSKKWMAYYNPSEDIQKIYKNGTFKKGDMFNLNDCHKLIDFFKDSISRYPKWSNAYDFNFSETEKYKDIAGFYREVEEQGY,92,fwd,2,0,92,586,678,514.0,514.0,0,0.0,False,
Lb,6,domains/Lb_06.dna,YKVSFESASKKEVDKLVEEGKLYMFQIYNKDFSDKSHGTPNLHTMYFKLLFDENNHGQIRLSGGAELFMRRASLKKEELVVHPANSPIANKNPDNPKKTTTLSYDVYKDKRFSEDQYELHIP,122,fwd,1,0,122,677,799,643.0,643.0,0,0.0,False,
Lb,7,domains/Lb_07.dna,IAINKCPKNIFKINTEVRVLLKHDDNPYVIGIDRGERNLLYIVVVDGKGNIVEQYSLNEIINNFNGIRIKTD,72,fwd,2,0,72,799,871,373.0,373.0,0,0.0,False,
Lb,8,domains/Lb_08.dna,YHSLLDKKEKERFEARQNW,19,fwd,2,0,19,871,890,105.0,105.0,0,0.0,False,
Lb,9,domains/Lb_09.dna,WTSIENIKELKAGYISQVVHKICELVEKYDAVIALEDLNSGFKNSRVKVEKQVYQKFEKMLIDKLNYMVDKKSNPCATGGALKGYQITNKFESFKSMSTQNGFIFYIPA,109,fwd,1,0,109,889,998,563.0,563.0,0,0.0,False,
Lb,10,domains/Lb_10.dna,AWLTSKIDPSTGFVNLLKTKYTSIADSKKFISSFDRIMYVPEEDLFEFALDYKNFSRTDADYIKKWKLYSYGNRIRIFRNPKKNNVFDWEEVCLTSAYKELFNKYGINYQQGDIRALLCEQSDKAFYSSFMALMSLMLQMRNSITGRTDVDFLISPVKNSDGIFYDSRNYEAQENAILPKNA,182,fwd,1,0,182,997,1179,954.0,954.0,0,0.0,False,
Lb,11,domains/Lb_11.dna,FTLVCAYSSHSLFEIAILTLSNFS,24,rev,0,9,33,1030,1053,28.0,28.0,0,0.0,True,ambiguous_top2
Mb2,1,domains/Mb_01.dna,EEKGSMGIHGVPAALFQDFTHLYPLSKTVRFELKPQG,37,fwd,1,2,39,3,40,164.0,164.0,0,0.0,False,
Mb2,2,domains/Mb_02.dna,GRTLEHIHAKNFLSQDETMADMYQKVKVILDDYHRDFIADMMGEVKLTKLAEFYDVYLKFRKNPKDDGLQKQLKDLQAVLRKESVKPIGSGGKYKTGYDRLFGAKLFKDGKELGDLAKFVIAQEGESSPKLAHLAHFEKFSTYFTGFHDNRKNMYSDEDKHTAIAYRLIHENLPRFIDNLQILTTIKQKHSALYDQIINELTASGLDVSLASHLDGYHKLLTQEGITAYNRIIGEVNGYTNKHNQICHKSERIAKLRPLHKQILSDGMGVS,271,fwd,1,0,271,39,310,1411.0,1411.0,0,0.0,False,
Mb2,3,domains/Mb_03.dna,SFLPSKFADDSEMCQAVNEFYRHYTDVFAKVQSLFDGFDDHQKDGIYVEHKNLNELSKQAFGDFALLGRVLDGYYVDVVNPEFNERFAKAKTDNAKAKLTKEKDKFIKGVHSLASLEQAIEHHTARHDDESVQAGKLGQYFKHGLAGVDNPIQKIHNNHSTIKGFLERERPAGERALPKIKSGKNPEMTQLRQLKELLDNALNVAHFAKLLTTKTTLDNQDGNFYGEFGVLYDELAKIPTLYNKVRDYLSQKP,253,fwd,0,0,253,309,562,1326.0,1326.0,0,0.0,False,
Mb2,4,domains/Mb_04.dna,PFSTEKYKLNFGNPTLLNGWDLNKEKDNFGVILQKDGCYYLALLDKAHKKVFDNAPNTGKNVYQKMVYKLL,71,fwd,0,0,71,561,632,387.0,387.0,0,0.0,False,
Mb2,5,domains/Mb_05.dna,PGPNKMLPKVFFAKSNLDYYNPSAELLDKYAKGTHKKGDNFNLKDCHALIDFFKAGINKHPEWQHFGFKFSPTSSYRDLSDFYREVEPQGY,91,fwd,2,0,91,632,723,509.0,509.0,0,0.0,False,
Mb2,6,domains/Mb_06.dna,YQVKFVDINADYIDELVEQGKLYLFQIYNKDFSPKAHGKPNLHTLYFKALFSEDNLADPIYKLNGEAQIFYRKASLDMNETTIHRAGEVLENKNPDNPKKRQFVYDIIKDKRYTQDKFMLHVP,123,fwd,1,0,123,722,845,654.0,654.0,0,0.0,False,
Mb2,7,domains/Mb_07.dna,ITMNFGVQGMTIKEFNKKVNQSIQQYDEVNVIGIDRGERHLLYLTVINSKGEILEQRSLNDITTASANGTQVTT,74,fwd,2,0,74,845,919,370.0,370.0,0,0.0,False,
Mb2,8,domains/Mb_08.dna,YHKILDKREIERLNARVGW,19,fwd,2,0,19,920,939,103.0,103.0,0,0.0,False,
Mb2,9,domains/Mb_09.dna,WGEIETIKELKSGYLSHVVHQINQLMLKYNAIVVLEDLNFGFKRGRFKVEKQIYQNFENALIKKLNHLVLKDKADDEIGSYKNALQLTNNFTDLKSIGKQTGFLFYVPA,109,fwd,1,0,109,938,1047,562.0,562.0,0,0.0,False,
Mb2,10,domains/Mb_10.dna,AWNTSKIDPETGFVDLLKPRYENIAQSQAFFGKFDKICYNTDKGYFEFHIDYAKFTDKAKNSRQKWAICSHGDKRYVYDKTANQNKGAAKGINVNDELKSLFARYHINDKQPNLVMDICQNNDKEFHKSLMCLLKTLLALRYSNASSDEDFILSPVANDEGVFFNSALADDTQPQNA,177,fwd,1,0,177,1046,1223,948.0,948.0,0,0.0,False,
Mb2,11,domains/Mb_11.dna,DANGAYHIALKGLWLLNELKNSDDLNKVKLAIDNQTWLNFAQNR,44,fwd,2,0,44,1223,1267,234.0,234.0,0,0.0,False,
